conversion_id,campaign_id,user_id,conversion_date,revenue_generated,campaign_name,budget,start_date,end_date,region
1,5,USERC,2025-05-25,182.59,Member Exclusive,4000.0,2025-04-01,2025-05-30,East
2,2,USERM,2025-05-07,199.59,New User Promo,3000.0,2025-05-01,2025-05-31,East
3,2,USERLX,2025-05-14,181.19,New User Promo,3000.0,2025-05-01,2025-05-31,North
4,5,USERW,2025-05-24,91.6,Member Exclusive,4000.0,2025-04-01,2025-05-30,South
5,4,USERI,2025-05-25,284.0,Flash Deal,2000.0,2025-05-20,2025-05-25,South
6,4,USERU,2025-05-29,49.71,Flash Deal,2000.0,2025-05-20,2025-05-25,South
7,2,USERX,2025-05-09,90.47,New User Promo,3000.0,2025-05-01,2025-05-31,East
8,4,USERYX,2025-05-25,170.83,Flash Deal,2000.0,2025-05-20,2025-05-25,East
9,1,USERXN,2025-05-09,123.72959999999986,Summer Sale,5000.0,2025-04-15,2025-05-10,West
10,2,USERMG,2025-05-23,255.72,New User Promo,3000.0,2025-05-01,2025-05-31,East
11,4,USERM,2025-05-30,108.6,Flash Deal,2000.0,2025-05-20,2025-05-25,East
12,2,USERU,2025-05-30,198.59360000000004,New User Promo,3000.0,2025-05-01,2025-05-31,South
13,1,USERZD,2025-05-10,65.15,Summer Sale,5000.0,2025-04-15,2025-05-10,East
14,2,USERPQ,2025-05-27,298.73,New User Promo,3000.0,2025-05-01,2025-05-31,East
15,2,USERO,2025-05-25,87.53,New User Promo,3000.0,2025-05-01,2025-05-31,South
16,2,USERA,2025-05-31,166.31,New User Promo,3000.0,2025-05-01,2025-05-31,South
17,2,USERR,2025-05-16,121.83,New User Promo,3000.0,2025-05-01,2025-05-31,East
18,1,USERTX,2025-05-14,71.67,Summer Sale,5000.0,2025-04-15,2025-05-10,South
19,5,USERMS,2025-05-07,160.36400000000015,Member Exclusive,4000.0,2025-04-01,2025-05-30,West
20,2,USERG,2025-05-26,126.78,New User Promo,3000.0,2025-05-01,2025-05-31,South
21,2,USERSU,2025-05-09,277.2,New User Promo,3000.0,2025-05-01,2025-05-31,West
22,4,USERI,2025-05-05,170.12,Flash Deal,2000.0,2025-05-20,2025-05-25,South
23,2,USERPA,2025-05-27,194.63,New User Promo,3000.0,2025-05-01,2025-05-31,North
24,4,USERGU,2025-05-05,262.94,Flash Deal,2000.0,2025-05-20,2025-05-25,East
25,5,USERRH,2025-05-03,224.17,Member Exclusive,4000.0,2025-04-01,2025-05-30,South
26,1,USERJ,2025-05-18,41.17,Summer Sale,5000.0,2025-04-15,2025-05-10,West
27,1,USERDS,2025-05-15,265.69,Summer Sale,5000.0,2025-04-15,2025-05-10,North
28,5,USERF,2025-05-11,47.91,Member Exclusive,4000.0,2025-04-01,2025-05-30,North
29,1,USERAG,2025-05-06,238.39,Summer Sale,5000.0,2025-04-15,2025-05-10,South
30,5,USERGZ,2025-05-05,168.94,Member Exclusive,4000.0,2025-04-01,2025-05-30,South
31,5,USERKM,2025-05-11,227.54,Member Exclusive,4000.0,2025-04-01,2025-05-30,North
32,5,USERQC,2025-05-13,246.59,Member Exclusive,4000.0,2025-04-01,2025-05-30,East
33,1,USERE,2025-05-14,137.88,Summer Sale,5000.0,2025-04-15,2025-05-10,East
34,4,USERK,2025-05-05,97.9,Flash Deal,2000.0,2025-05-20,2025-05-25,West
35,5,USERHD,2025-05-01,89.94,Member Exclusive,4000.0,2025-04-01,2025-05-30,East
36,2,USERMG,2025-05-06,177.49989999999997,New User Promo,3000.0,2025-05-01,2025-05-31,East
37,1,USERDJ,2025-05-28,233.7,Summer Sale,5000.0,2025-04-15,2025-05-10,North
38,5,USERQS,2025-05-07,202.89,Member Exclusive,4000.0,2025-04-01,2025-05-30,North
39,5,USERIM,2025-05-12,118.14,Member Exclusive,4000.0,2025-04-01,2025-05-30,North
40,2,USERK,2025-05-22,183.31,New User Promo,3000.0,2025-05-01,2025-05-31,West
41,4,USERU,2025-05-06,278.73,Flash Deal,2000.0,2025-05-20,2025-05-25,South
42,4,USERGJ,2025-05-09,32.75,Flash Deal,2000.0,2025-05-20,2025-05-25,East
43,4,USERIO,2025-05-14,62.77,Flash Deal,2000.0,2025-05-20,2025-05-25,West
44,5,USERM,2025-05-03,184.92,Member Exclusive,4000.0,2025-04-01,2025-05-30,East
45,5,USERMT,2025-05-29,161.9459,Member Exclusive,4000.0,2025-04-01,2025-05-30,East
46,5,USERW,2025-05-15,148.46,Member Exclusive,4000.0,2025-04-01,2025-05-30,South
47,1,USERGP,2025-05-14,147.81009999999995,Summer Sale,5000.0,2025-04-15,2025-05-10,West
48,2,USERUR,2025-05-27,263.5,New User Promo,3000.0,2025-05-01,2025-05-31,East
49,5,USERI,2025-05-22,92.39,Member Exclusive,4000.0,2025-04-01,2025-05-30,South
50,2,USERM,2025-05-10,133.59,New User Promo,3000.0,2025-05-01,2025-05-31,East
51,2,USERP,2025-05-23,216.57,New User Promo,3000.0,2025-05-01,2025-05-31,North
52,4,USERKE,2025-05-21,284.95,Flash Deal,2000.0,2025-05-20,2025-05-25,North
53,1,USERL,2025-05-11,44.83,Summer Sale,5000.0,2025-04-15,2025-05-10,South
54,5,USERFY,2025-05-14,196.55,Member Exclusive,4000.0,2025-04-01,2025-05-30,East
55,4,USERCT,2025-05-28,95.56,Flash Deal,2000.0,2025-05-20,2025-05-25,East
56,4,USERX,2025-05-09,253.35,Flash Deal,2000.0,2025-05-20,2025-05-25,East
57,5,USERGO,2025-05-27,286.77,Member Exclusive,4000.0,2025-04-01,2025-05-30,South
58,2,USERNJ,2025-05-10,139.76,New User Promo,3000.0,2025-05-01,2025-05-31,North
59,4,USERE,2025-05-16,271.02,Flash Deal,2000.0,2025-05-20,2025-05-25,East
60,2,USERU,2025-05-19,297.66,New User Promo,3000.0,2025-05-01,2025-05-31,South
61,1,USERM,2025-05-20,81.27,Summer Sale,5000.0,2025-04-15,2025-05-10,East
62,2,USERSF,2025-05-31,299.35,New User Promo,3000.0,2025-05-01,2025-05-31,East
63,1,USERUF,2025-05-23,137.55,Summer Sale,5000.0,2025-04-15,2025-05-10,South
64,2,USERL,2025-05-06,76.67,New User Promo,3000.0,2025-05-01,2025-05-31,South
65,4,USERES,2025-05-09,189.11,Flash Deal,2000.0,2025-05-20,2025-05-25,East
66,4,USERN,2025-05-05,298.91,Flash Deal,2000.0,2025-05-20,2025-05-25,West
67,1,USERIQ,2025-05-10,87.14,Summer Sale,5000.0,2025-04-15,2025-05-10,North
68,5,USERZ,2025-05-12,72.93,Member Exclusive,4000.0,2025-04-01,2025-05-30,West
69,1,USERL,2025-05-28,277.5,Summer Sale,5000.0,2025-04-15,2025-05-10,South
70,1,USERB,2025-05-30,194.26,Summer Sale,5000.0,2025-04-15,2025-05-10,North
71,2,USERYC,2025-05-29,52.81,New User Promo,3000.0,2025-05-01,2025-05-31,South
72,2,USERJ,2025-05-02,176.11,New User Promo,3000.0,2025-05-01,2025-05-31,West
73,1,USERF,2025-05-31,59.7,Summer Sale,5000.0,2025-04-15,2025-05-10,North
74,4,USERSM,2025-05-07,117.47,Flash Deal,2000.0,2025-05-20,2025-05-25,North
75,2,USERW,2025-05-20,68.7,New User Promo,3000.0,2025-05-01,2025-05-31,South
76,5,USERJG,2025-05-04,191.81,Member Exclusive,4000.0,2025-04-01,2025-05-30,North
77,2,USERK,2025-05-16,43.88,New User Promo,3000.0,2025-05-01,2025-05-31,West
78,2,USERKR,2025-05-16,101.25,New User Promo,3000.0,2025-05-01,2025-05-31,South
79,5,USERJ,2025-05-16,173.3421999999999,Member Exclusive,4000.0,2025-04-01,2025-05-30,West
80,1,USERBO,2025-05-13,70.19,Summer Sale,5000.0,2025-04-15,2025-05-10,North
81,5,USERQD,2025-05-27,215.65,Member Exclusive,4000.0,2025-04-01,2025-05-30,East
82,1,USERMX,2025-05-11,275.21,Summer Sale,5000.0,2025-04-15,2025-05-10,South
83,1,USERI,2025-05-31,222.03,Summer Sale,5000.0,2025-04-15,2025-05-10,South
84,1,USERG,2025-05-14,175.0,Summer Sale,5000.0,2025-04-15,2025-05-10,South
85,5,USERCB,2025-05-22,186.17870000000005,Member Exclusive,4000.0,2025-04-01,2025-05-30,South
86,1,USERCS,2025-05-15,176.46329999999998,Summer Sale,5000.0,2025-04-15,2025-05-10,South
87,4,USERX,2025-05-11,94.19,Flash Deal,2000.0,2025-05-20,2025-05-25,East
88,5,USERZ,2025-05-21,219.84,Member Exclusive,4000.0,2025-04-01,2025-05-30,West
89,4,USERC,2025-05-28,265.04,Flash Deal,2000.0,2025-05-20,2025-05-25,East
90,1,USERN,2025-05-27,141.04,Summer Sale,5000.0,2025-04-15,2025-05-10,West
91,2,USERC,2025-05-24,196.32,New User Promo,3000.0,2025-05-01,2025-05-31,East
92,1,USERZ,2025-05-01,274.28,Summer Sale,5000.0,2025-04-15,2025-05-10,West
93,4,USEREG,2025-05-27,243.37,Flash Deal,2000.0,2025-05-20,2025-05-25,West
94,4,USERED,2025-05-29,278.81,Flash Deal,2000.0,2025-05-20,2025-05-25,West
95,5,USERP,2025-05-07,180.97,Member Exclusive,4000.0,2025-04-01,2025-05-30,North
96,2,USERK,2025-05-08,168.02289999999996,New User Promo,3000.0,2025-05-01,2025-05-31,West
97,5,USERC,2025-05-02,129.43,Member Exclusive,4000.0,2025-04-01,2025-05-30,East
98,4,USERKY,2025-05-14,119.59289999999999,Flash Deal,2000.0,2025-05-20,2025-05-25,North
99,1,USERRS,2025-05-01,106.93,Summer Sale,5000.0,2025-04-15,2025-05-10,South
100,2,USERBO,2025-05-25,74.77689999999988,New User Promo,3000.0,2025-05-01,2025-05-31,North
101,1,USERUI,2025-05-16,231.39,Summer Sale,5000.0,2025-04-15,2025-05-10,North
102,1,USERNB,2025-05-10,240.8,Summer Sale,5000.0,2025-04-15,2025-05-10,East
103,2,USERO,2025-05-03,251.86,New User Promo,3000.0,2025-05-01,2025-05-31,South
104,5,USERJ,2025-05-18,184.17,Member Exclusive,4000.0,2025-04-01,2025-05-30,West
105,1,USERW,2025-05-09,142.6134857142857,Summer Sale,5000.0,2025-04-15,2025-05-10,South
106,4,USERV,2025-05-29,59.07,Flash Deal,2000.0,2025-05-20,2025-05-25,South
107,1,USERM,2025-05-09,56.5,Summer Sale,5000.0,2025-04-15,2025-05-10,East
108,2,USERXN,2025-05-26,111.2,New User Promo,3000.0,2025-05-01,2025-05-31,West
109,2,USERX,2025-05-05,277.81,New User Promo,3000.0,2025-05-01,2025-05-31,East
110,2,USERXF,2025-05-01,291.86,New User Promo,3000.0,2025-05-01,2025-05-31,East
111,5,USERGT,2025-05-05,196.84,Member Exclusive,4000.0,2025-04-01,2025-05-30,North
112,1,USERB,2025-05-11,255.67,Summer Sale,5000.0,2025-04-15,2025-05-10,North
113,5,USERDC,2025-05-21,36.41,Member Exclusive,4000.0,2025-04-01,2025-05-30,West
114,5,USERH,2025-05-30,40.33,Member Exclusive,4000.0,2025-04-01,2025-05-30,North
115,2,USERM,2025-05-17,119.05,New User Promo,3000.0,2025-05-01,2025-05-31,East
116,2,USERV,2025-05-09,72.53,New User Promo,3000.0,2025-05-01,2025-05-31,South
117,5,USERS,2025-05-07,182.51,Member Exclusive,4000.0,2025-04-01,2025-05-30,East
118,1,USERND,2025-05-03,296.91,Summer Sale,5000.0,2025-04-15,2025-05-10,South
119,4,USERF,2025-05-27,183.44,Flash Deal,2000.0,2025-05-20,2025-05-25,North
120,5,USERMR,2025-05-24,262.83,Member Exclusive,4000.0,2025-04-01,2025-05-30,North
121,1,USERU,2025-05-13,89.06,Summer Sale,5000.0,2025-04-15,2025-05-10,South
122,2,USERS,2025-05-16,93.36,New User Promo,3000.0,2025-05-01,2025-05-31,East
123,2,USERL,2025-05-13,264.8,New User Promo,3000.0,2025-05-01,2025-05-31,South
124,1,USERP,2025-05-30,291.69,Summer Sale,5000.0,2025-04-15,2025-05-10,North
125,4,USERON,2025-05-08,211.19,Flash Deal,2000.0,2025-05-20,2025-05-25,South
126,2,USERKL,2025-05-31,228.33,New User Promo,3000.0,2025-05-01,2025-05-31,West
127,2,USERV,2025-05-08,258.72,New User Promo,3000.0,2025-05-01,2025-05-31,South
128,2,USERK,2025-05-25,279.08,New User Promo,3000.0,2025-05-01,2025-05-31,West
129,1,USERM,2025-05-18,240.91,Summer Sale,5000.0,2025-04-15,2025-05-10,East
130,5,USERTH,2025-05-30,236.83,Member Exclusive,4000.0,2025-04-01,2025-05-30,West
131,2,USERBO,2025-05-30,175.74,New User Promo,3000.0,2025-05-01,2025-05-31,North
132,5,USERJK,2025-05-17,75.25,Member Exclusive,4000.0,2025-04-01,2025-05-30,West
133,4,USERA,2025-05-20,31.59,Flash Deal,2000.0,2025-05-20,2025-05-25,South
134,2,USERL,2025-05-19,116.36,New User Promo,3000.0,2025-05-01,2025-05-31,South
135,2,USERS,2025-05-09,290.33,New User Promo,3000.0,2025-05-01,2025-05-31,East
136,4,USERYF,2025-05-14,266.85,Flash Deal,2000.0,2025-05-20,2025-05-25,South
137,2,USERWT,2025-05-16,140.73,New User Promo,3000.0,2025-05-01,2025-05-31,North
138,5,USERF,2025-05-09,207.2582999999998,Member Exclusive,4000.0,2025-04-01,2025-05-30,North
139,1,USERMF,2025-05-14,143.27,Summer Sale,5000.0,2025-04-15,2025-05-10,South
140,5,USERB,2025-05-15,231.26,Member Exclusive,4000.0,2025-04-01,2025-05-30,North
141,1,USERB,2025-05-12,277.25,Summer Sale,5000.0,2025-04-15,2025-05-10,North
142,1,USERQ,2025-05-05,190.55,Summer Sale,5000.0,2025-04-15,2025-05-10,South
143,5,USERFZ,2025-05-16,179.41,Member Exclusive,4000.0,2025-04-01,2025-05-30,North
144,5,USERKC,2025-05-29,30.37,Member Exclusive,4000.0,2025-04-01,2025-05-30,West
145,5,USERX,2025-05-31,249.96,Member Exclusive,4000.0,2025-04-01,2025-05-30,East
146,5,USERJ,2025-05-10,76.1,Member Exclusive,4000.0,2025-04-01,2025-05-30,West
147,4,USERH,2025-05-27,109.48770000000006,Flash Deal,2000.0,2025-05-20,2025-05-25,North
148,2,USERI,2025-05-27,35.96,New User Promo,3000.0,2025-05-01,2025-05-31,South
149,1,USERS,2025-05-01,206.3,Summer Sale,5000.0,2025-04-15,2025-05-10,East
150,5,USERDQ,2025-05-28,134.24,Member Exclusive,4000.0,2025-04-01,2025-05-30,West
151,5,USERB,2025-05-30,42.26,Member Exclusive,4000.0,2025-04-01,2025-05-30,North
152,5,USERK,2025-05-28,239.76,Member Exclusive,4000.0,2025-04-01,2025-05-30,West
153,4,USERJ,2025-05-14,198.83,Flash Deal,2000.0,2025-05-20,2025-05-25,West
154,5,USERZH,2025-05-07,193.68,Member Exclusive,4000.0,2025-04-01,2025-05-30,North
155,5,USERC,2025-05-25,42.23,Member Exclusive,4000.0,2025-04-01,2025-05-30,East
156,5,USERGU,2025-05-16,171.83,Member Exclusive,4000.0,2025-04-01,2025-05-30,East
157,2,USERE,2025-05-16,147.72,New User Promo,3000.0,2025-05-01,2025-05-31,East
158,4,USERK,2025-05-06,132.52589999999998,Flash Deal,2000.0,2025-05-20,2025-05-25,West
159,5,USERM,2025-05-06,75.03,Member Exclusive,4000.0,2025-04-01,2025-05-30,East
160,1,USERG,2025-05-23,109.93,Summer Sale,5000.0,2025-04-15,2025-05-10,South
161,1,USERDF,2025-05-22,231.89,Summer Sale,5000.0,2025-04-15,2025-05-10,South
162,1,USERO,2025-05-23,284.61,Summer Sale,5000.0,2025-04-15,2025-05-10,South
163,4,USERD,2025-05-17,110.66,Flash Deal,2000.0,2025-05-20,2025-05-25,South
164,4,USERM,2025-05-06,131.27369999999993,Flash Deal,2000.0,2025-05-20,2025-05-25,East
165,1,USEROE,2025-05-24,288.17,Summer Sale,5000.0,2025-04-15,2025-05-10,West
166,5,USERK,2025-05-08,98.98,Member Exclusive,4000.0,2025-04-01,2025-05-30,West
167,4,USERX,2025-05-14,229.37,Flash Deal,2000.0,2025-05-20,2025-05-25,East
168,1,USERS,2025-05-26,262.71,Summer Sale,5000.0,2025-04-15,2025-05-10,East
169,1,USERN,2025-05-22,46.32,Summer Sale,5000.0,2025-04-15,2025-05-10,West
170,5,USERN,2025-05-27,132.56,Member Exclusive,4000.0,2025-04-01,2025-05-30,West
171,2,USERCM,2025-05-28,131.4,New User Promo,3000.0,2025-05-01,2025-05-31,East
172,4,USERKF,2025-05-21,45.73,Flash Deal,2000.0,2025-05-20,2025-05-25,East
173,5,USERNI,2025-05-14,151.02,Member Exclusive,4000.0,2025-04-01,2025-05-30,East
174,1,USERHS,2025-05-24,163.89,Summer Sale,5000.0,2025-04-15,2025-05-10,South
175,1,USERII,2025-05-10,204.52,Summer Sale,5000.0,2025-04-15,2025-05-10,South
176,5,USERK,2025-05-07,214.94,Member Exclusive,4000.0,2025-04-01,2025-05-30,West
177,4,USERDX,2025-05-04,204.8,Flash Deal,2000.0,2025-05-20,2025-05-25,West
178,2,USERMK,2025-05-31,198.29,New User Promo,3000.0,2025-05-01,2025-05-31,East
179,2,USERQ,2025-05-05,103.36,New User Promo,3000.0,2025-05-01,2025-05-31,South
180,1,USERO,2025-05-29,148.96,Summer Sale,5000.0,2025-04-15,2025-05-10,South
181,4,USERML,2025-05-07,158.87,Flash Deal,2000.0,2025-05-20,2025-05-25,West
182,2,USERW,2025-05-09,161.79,New User Promo,3000.0,2025-05-01,2025-05-31,South
183,4,USERV,2025-05-02,103.9,Flash Deal,2000.0,2025-05-20,2025-05-25,South
184,4,USEROV,2025-05-23,162.45,Flash Deal,2000.0,2025-05-20,2025-05-25,West
185,1,USERRF,2025-05-25,109.64,Summer Sale,5000.0,2025-04-15,2025-05-10,West
186,2,USERWU,2025-05-29,134.44080000000005,New User Promo,3000.0,2025-05-01,2025-05-31,North
187,5,USERQ,2025-05-15,165.4,Member Exclusive,4000.0,2025-04-01,2025-05-30,South
188,1,USERAR,2025-05-09,205.53,Summer Sale,5000.0,2025-04-15,2025-05-10,East
189,2,USEROP,2025-05-09,133.67,New User Promo,3000.0,2025-05-01,2025-05-31,East
190,2,USERF,2025-05-03,205.96,New User Promo,3000.0,2025-05-01,2025-05-31,North
191,2,USERMC,2025-05-08,87.53,New User Promo,3000.0,2025-05-01,2025-05-31,North
192,2,USERWX,2025-05-18,284.9,New User Promo,3000.0,2025-05-01,2025-05-31,North
193,2,USERJU,2025-05-05,274.12,New User Promo,3000.0,2025-05-01,2025-05-31,East
194,4,USERYA,2025-05-05,149.49,Flash Deal,2000.0,2025-05-20,2025-05-25,North
195,1,USERW,2025-05-07,196.11,Summer Sale,5000.0,2025-04-15,2025-05-10,South
196,4,USERRP,2025-05-29,142.76,Flash Deal,2000.0,2025-05-20,2025-05-25,West
197,5,USERIO,2025-05-02,108.31,Member Exclusive,4000.0,2025-04-01,2025-05-30,West
198,2,USERK,2025-05-06,149.28,New User Promo,3000.0,2025-05-01,2025-05-31,West
199,1,USEREY,2025-05-24,256.86,Summer Sale,5000.0,2025-04-15,2025-05-10,South
200,2,USERWL,2025-05-01,114.26,New User Promo,3000.0,2025-05-01,2025-05-31,West
201,1,USERRW,2025-05-12,208.38,Summer Sale,5000.0,2025-04-15,2025-05-10,East
202,4,USERY,2025-05-06,112.41,Flash Deal,2000.0,2025-05-20,2025-05-25,North
203,1,USERHD,2025-05-09,57.6,Summer Sale,5000.0,2025-04-15,2025-05-10,East
204,5,USERV,2025-05-03,279.9,Member Exclusive,4000.0,2025-04-01,2025-05-30,South
205,5,USERLU,2025-05-03,144.04,Member Exclusive,4000.0,2025-04-01,2025-05-30,South
206,1,USERNV,2025-05-24,56.95,Summer Sale,5000.0,2025-04-15,2025-05-10,East
207,1,USERRZ,2025-05-01,164.58,Summer Sale,5000.0,2025-04-15,2025-05-10,North
208,1,USERI,2025-05-05,245.35,Summer Sale,5000.0,2025-04-15,2025-05-10,South
209,1,USERU,2025-05-04,205.83,Summer Sale,5000.0,2025-04-15,2025-05-10,South
210,5,USERX,2025-05-08,249.48,Member Exclusive,4000.0,2025-04-01,2025-05-30,East
211,2,USEROI,2025-05-30,160.30450000000002,New User Promo,3000.0,2025-05-01,2025-05-31,South
212,1,USERSA,2025-05-23,70.12,Summer Sale,5000.0,2025-04-15,2025-05-10,South
213,1,USERVM,2025-05-12,114.53160000000011,Summer Sale,5000.0,2025-04-15,2025-05-10,North
214,5,USERGK,2025-05-04,35.16,Member Exclusive,4000.0,2025-04-01,2025-05-30,South
215,5,USERK,2025-05-02,293.07,Member Exclusive,4000.0,2025-04-01,2025-05-30,West
216,4,USERVP,2025-05-27,203.4,Flash Deal,2000.0,2025-05-20,2025-05-25,East
217,1,USERV,2025-05-24,171.05,Summer Sale,5000.0,2025-04-15,2025-05-10,South
218,4,USERVS,2025-05-02,97.09,Flash Deal,2000.0,2025-05-20,2025-05-25,North
219,5,USERA,2025-05-05,296.83,Member Exclusive,4000.0,2025-04-01,2025-05-30,South
220,5,USERS,2025-05-25,274.3138000000005,Member Exclusive,4000.0,2025-04-01,2025-05-30,East
221,2,USERU,2025-05-22,208.83,New User Promo,3000.0,2025-05-01,2025-05-31,South
222,1,USERN,2025-05-02,85.26,Summer Sale,5000.0,2025-04-15,2025-05-10,West
223,4,USEREU,2025-05-16,162.46,Flash Deal,2000.0,2025-05-20,2025-05-25,West
224,5,USERD,2025-05-24,280.12,Member Exclusive,4000.0,2025-04-01,2025-05-30,South
225,5,USERKN,2025-05-25,127.41,Member Exclusive,4000.0,2025-04-01,2025-05-30,East
226,4,USERM,2025-05-11,199.33,Flash Deal,2000.0,2025-05-20,2025-05-25,East
227,2,USERT,2025-05-29,87.13,New User Promo,3000.0,2025-05-01,2025-05-31,East
228,5,USERJL,2025-05-06,215.43,Member Exclusive,4000.0,2025-04-01,2025-05-30,North
229,1,USERU,2025-05-01,130.52,Summer Sale,5000.0,2025-04-15,2025-05-10,South
230,5,USERHQ,2025-05-19,199.7945000000001,Member Exclusive,4000.0,2025-04-01,2025-05-30,North
231,1,USERP,2025-05-30,73.59,Summer Sale,5000.0,2025-04-15,2025-05-10,North
232,4,USEREH,2025-05-30,209.5,Flash Deal,2000.0,2025-05-20,2025-05-25,South
233,1,USERJ,2025-05-28,291.79,Summer Sale,5000.0,2025-04-15,2025-05-10,West
234,4,USERQC,2025-05-05,283.66,Flash Deal,2000.0,2025-05-20,2025-05-25,East
235,1,USERIQ,2025-05-10,45.51,Summer Sale,5000.0,2025-04-15,2025-05-10,North
236,4,USERDF,2025-05-27,211.3336999999999,Flash Deal,2000.0,2025-05-20,2025-05-25,South
237,1,USERY,2025-05-20,286.87,Summer Sale,5000.0,2025-04-15,2025-05-10,North
238,2,USERU,2025-05-07,231.06,New User Promo,3000.0,2025-05-01,2025-05-31,South
239,1,USERVF,2025-05-11,258.92,Summer Sale,5000.0,2025-04-15,2025-05-10,East
240,1,USERCX,2025-05-28,252.5510999999996,Summer Sale,5000.0,2025-04-15,2025-05-10,South
241,2,USERT,2025-05-17,237.3540999999998,New User Promo,3000.0,2025-05-01,2025-05-31,East
242,5,USERV,2025-05-09,299.55,Member Exclusive,4000.0,2025-04-01,2025-05-30,South
243,5,USERK,2025-05-17,78.48,Member Exclusive,4000.0,2025-04-01,2025-05-30,West
244,1,USERFD,2025-05-31,140.65,Summer Sale,5000.0,2025-04-15,2025-05-10,East
245,2,USERFO,2025-05-20,159.2,New User Promo,3000.0,2025-05-01,2025-05-31,East
246,1,USERK,2025-05-20,248.6,Summer Sale,5000.0,2025-04-15,2025-05-10,West
247,4,USERR,2025-05-27,168.48,Flash Deal,2000.0,2025-05-20,2025-05-25,East
248,4,USERP,2025-05-25,224.32,Flash Deal,2000.0,2025-05-20,2025-05-25,North
249,1,USERFR,2025-05-13,272.55,Summer Sale,5000.0,2025-04-15,2025-05-10,West
250,5,USERFX,2025-05-09,225.29,Member Exclusive,4000.0,2025-04-01,2025-05-30,East
251,5,USERLU,2025-05-06,184.8,Member Exclusive,4000.0,2025-04-01,2025-05-30,South
252,1,USERLP,2025-05-18,178.49,Summer Sale,5000.0,2025-04-15,2025-05-10,South
253,1,USERCN,2025-05-08,83.82,Summer Sale,5000.0,2025-04-15,2025-05-10,South
254,4,USERG,2025-05-17,298.59,Flash Deal,2000.0,2025-05-20,2025-05-25,South
255,5,USERO,2025-05-06,202.11,Member Exclusive,4000.0,2025-04-01,2025-05-30,South
256,1,USERPS,2025-05-14,259.98,Summer Sale,5000.0,2025-04-15,2025-05-10,West
257,4,USERG,2025-05-26,84.59,Flash Deal,2000.0,2025-05-20,2025-05-25,South
258,5,USERW,2025-05-03,211.36,Member Exclusive,4000.0,2025-04-01,2025-05-30,South
259,2,USERC,2025-05-09,252.67,New User Promo,3000.0,2025-05-01,2025-05-31,East
260,4,USERA,2025-05-26,296.33,Flash Deal,2000.0,2025-05-20,2025-05-25,South
261,5,USERIV,2025-05-28,119.68,Member Exclusive,4000.0,2025-04-01,2025-05-30,South
262,5,USERUE,2025-05-10,122.83,Member Exclusive,4000.0,2025-04-01,2025-05-30,North
263,4,USERTF,2025-05-27,127.34,Flash Deal,2000.0,2025-05-20,2025-05-25,West
264,2,USERYQ,2025-05-08,244.72,New User Promo,3000.0,2025-05-01,2025-05-31,South
265,4,USERG,2025-05-06,262.84,Flash Deal,2000.0,2025-05-20,2025-05-25,South
266,5,USERJ,2025-05-07,245.84,Member Exclusive,4000.0,2025-04-01,2025-05-30,West
267,1,USERJX,2025-05-10,220.88,Summer Sale,5000.0,2025-04-15,2025-05-10,South
268,1,USERLT,2025-05-23,118.82,Summer Sale,5000.0,2025-04-15,2025-05-10,North
269,4,USERC,2025-05-09,292.64,Flash Deal,2000.0,2025-05-20,2025-05-25,East
270,5,USERGO,2025-05-07,56.05,Member Exclusive,4000.0,2025-04-01,2025-05-30,South
271,1,USERX,2025-05-18,84.7,Summer Sale,5000.0,2025-04-15,2025-05-10,East
272,5,USERZ,2025-05-20,187.86,Member Exclusive,4000.0,2025-04-01,2025-05-30,West
273,4,USERP,2025-05-20,138.36,Flash Deal,2000.0,2025-05-20,2025-05-25,North
274,1,USERT,2025-05-26,183.69320000000013,Summer Sale,5000.0,2025-04-15,2025-05-10,East
275,5,USERQ,2025-05-11,179.67,Member Exclusive,4000.0,2025-04-01,2025-05-30,South
276,1,USERJ,2025-05-01,256.74,Summer Sale,5000.0,2025-04-15,2025-05-10,West
277,4,USERKD,2025-05-30,266.45,Flash Deal,2000.0,2025-05-20,2025-05-25,West
278,5,USERHT,2025-05-23,266.49,Member Exclusive,4000.0,2025-04-01,2025-05-30,North
279,1,USERR,2025-05-06,107.66,Summer Sale,5000.0,2025-04-15,2025-05-10,East
280,4,USERDH,2025-05-25,209.32490000000024,Flash Deal,2000.0,2025-05-20,2025-05-25,West
281,1,USERDP,2025-05-10,133.69940000000003,Summer Sale,5000.0,2025-04-15,2025-05-10,West
282,1,USERC,2025-05-25,130.61,Summer Sale,5000.0,2025-04-15,2025-05-10,East
283,2,USERQB,2025-05-14,88.16,New User Promo,3000.0,2025-05-01,2025-05-31,East
284,2,USERX,2025-05-31,125.4,New User Promo,3000.0,2025-05-01,2025-05-31,East
285,4,USERDG,2025-05-28,46.1,Flash Deal,2000.0,2025-05-20,2025-05-25,South
286,2,USERKC,2025-05-25,55.59,New User Promo,3000.0,2025-05-01,2025-05-31,West
287,4,USERH,2025-05-15,240.83,Flash Deal,2000.0,2025-05-20,2025-05-25,North
288,2,USERG,2025-05-24,222.74,New User Promo,3000.0,2025-05-01,2025-05-31,South
289,1,USERC,2025-05-19,209.91,Summer Sale,5000.0,2025-04-15,2025-05-10,East
290,4,USERRN,2025-05-22,269.22,Flash Deal,2000.0,2025-05-20,2025-05-25,South
291,4,USERU,2025-05-17,239.75,Flash Deal,2000.0,2025-05-20,2025-05-25,South
292,1,USEREG,2025-05-28,33.23,Summer Sale,5000.0,2025-04-15,2025-05-10,West
293,4,USERR,2025-05-21,138.02,Flash Deal,2000.0,2025-05-20,2025-05-25,East
294,4,USERF,2025-05-24,240.42,Flash Deal,2000.0,2025-05-20,2025-05-25,North
295,2,USERL,2025-05-01,237.85,New User Promo,3000.0,2025-05-01,2025-05-31,South
296,4,USERK,2025-05-03,227.42,Flash Deal,2000.0,2025-05-20,2025-05-25,West
297,5,USERL,2025-05-20,219.77119999999988,Member Exclusive,4000.0,2025-04-01,2025-05-30,South
298,1,USERIS,2025-05-07,192.12,Summer Sale,5000.0,2025-04-15,2025-05-10,East
299,2,USERQG,2025-05-11,252.06,New User Promo,3000.0,2025-05-01,2025-05-31,North
300,2,USERZH,2025-05-29,71.74,New User Promo,3000.0,2025-05-01,2025-05-31,North
301,5,USERCU,2025-05-04,245.4,Member Exclusive,4000.0,2025-04-01,2025-05-30,East
302,1,USERNS,2025-05-30,81.91,Summer Sale,5000.0,2025-04-15,2025-05-10,South
303,1,USERX,2025-05-22,286.02,Summer Sale,5000.0,2025-04-15,2025-05-10,East
304,2,USERDZ,2025-05-03,72.76,New User Promo,3000.0,2025-05-01,2025-05-31,South
305,4,USERG,2025-05-27,111.53,Flash Deal,2000.0,2025-05-20,2025-05-25,South
306,2,USERP,2025-05-20,63.02,New User Promo,3000.0,2025-05-01,2025-05-31,North
307,1,USERC,2025-05-20,269.45,Summer Sale,5000.0,2025-04-15,2025-05-10,East
308,5,USERR,2025-05-29,111.9,Member Exclusive,4000.0,2025-04-01,2025-05-30,East
309,2,USERC,2025-05-08,249.43,New User Promo,3000.0,2025-05-01,2025-05-31,East
310,1,USERY,2025-05-17,168.4,Summer Sale,5000.0,2025-04-15,2025-05-10,North
311,2,USERQ,2025-05-06,146.23,New User Promo,3000.0,2025-05-01,2025-05-31,South
312,4,USERK,2025-05-11,236.86,Flash Deal,2000.0,2025-05-20,2025-05-25,West
313,2,USERL,2025-05-22,202.1,New User Promo,3000.0,2025-05-01,2025-05-31,South
314,2,USERCN,2025-05-29,62.96,New User Promo,3000.0,2025-05-01,2025-05-31,South
315,1,USERN,2025-05-12,173.49,Summer Sale,5000.0,2025-04-15,2025-05-10,West
316,1,USEREW,2025-05-24,47.12,Summer Sale,5000.0,2025-04-15,2025-05-10,East
317,1,USERU,2025-05-24,32.13,Summer Sale,5000.0,2025-04-15,2025-05-10,South
318,2,USERZ,2025-05-22,62.09,New User Promo,3000.0,2025-05-01,2025-05-31,West
319,4,USEROA,2025-05-30,207.42,Flash Deal,2000.0,2025-05-20,2025-05-25,East
320,5,USERGR,2025-05-01,262.72,Member Exclusive,4000.0,2025-04-01,2025-05-30,East
321,5,USERDQ,2025-05-21,248.34,Member Exclusive,4000.0,2025-04-01,2025-05-30,West
322,1,USERY,2025-05-15,187.14,Summer Sale,5000.0,2025-04-15,2025-05-10,North
323,1,USERLO,2025-05-22,87.49,Summer Sale,5000.0,2025-04-15,2025-05-10,South
324,2,USERS,2025-05-16,124.89,New User Promo,3000.0,2025-05-01,2025-05-31,East
325,5,USERZG,2025-05-18,110.15,Member Exclusive,4000.0,2025-04-01,2025-05-30,East
326,1,USERR,2025-05-29,93.07,Summer Sale,5000.0,2025-04-15,2025-05-10,East
327,4,USERS,2025-05-12,132.17,Flash Deal,2000.0,2025-05-20,2025-05-25,East
328,4,USERE,2025-05-07,190.65,Flash Deal,2000.0,2025-05-20,2025-05-25,East
329,1,USERUA,2025-05-17,282.76,Summer Sale,5000.0,2025-04-15,2025-05-10,East
330,1,USERSI,2025-05-18,105.37,Summer Sale,5000.0,2025-04-15,2025-05-10,North
331,5,USERN,2025-05-02,201.04,Member Exclusive,4000.0,2025-04-01,2025-05-30,West
332,5,USERF,2025-05-16,277.27,Member Exclusive,4000.0,2025-04-01,2025-05-30,North
333,2,USERXR,2025-05-04,295.65,New User Promo,3000.0,2025-05-01,2025-05-31,East
334,5,USERXW,2025-05-08,195.02,Member Exclusive,4000.0,2025-04-01,2025-05-30,South
335,4,USERT,2025-05-17,214.33,Flash Deal,2000.0,2025-05-20,2025-05-25,East
336,4,USERU,2025-05-04,199.60920000000021,Flash Deal,2000.0,2025-05-20,2025-05-25,South
337,1,USERXH,2025-05-04,240.42,Summer Sale,5000.0,2025-04-15,2025-05-10,North
338,5,USERWZ,2025-05-12,186.96,Member Exclusive,4000.0,2025-04-01,2025-05-30,West
339,2,USERM,2025-05-07,223.35,New User Promo,3000.0,2025-05-01,2025-05-31,East
340,4,USERY,2025-05-16,64.32,Flash Deal,2000.0,2025-05-20,2025-05-25,North
341,4,USERV,2025-05-23,121.1532999999999,Flash Deal,2000.0,2025-05-20,2025-05-25,South
342,2,USERC,2025-05-04,277.15,New User Promo,3000.0,2025-05-01,2025-05-31,East
343,2,USERK,2025-05-26,211.22,New User Promo,3000.0,2025-05-01,2025-05-31,West
344,4,USERH,2025-05-08,175.54,Flash Deal,2000.0,2025-05-20,2025-05-25,North
345,4,USERQ,2025-05-19,259.35,Flash Deal,2000.0,2025-05-20,2025-05-25,South
346,2,USERUA,2025-05-17,227.7258,New User Promo,3000.0,2025-05-01,2025-05-31,East
347,4,USERVJ,2025-05-23,270.6,Flash Deal,2000.0,2025-05-20,2025-05-25,South
348,1,USERFJ,2025-05-10,122.96,Summer Sale,5000.0,2025-04-15,2025-05-10,South
349,1,USERMU,2025-05-15,119.99,Summer Sale,5000.0,2025-04-15,2025-05-10,West
350,2,USERO,2025-05-19,237.12,New User Promo,3000.0,2025-05-01,2025-05-31,South
351,5,USERAZ,2025-05-22,108.0,Member Exclusive,4000.0,2025-04-01,2025-05-30,South
352,2,USERU,2025-05-21,253.13,New User Promo,3000.0,2025-05-01,2025-05-31,South
353,2,USERCX,2025-05-19,93.89,New User Promo,3000.0,2025-05-01,2025-05-31,South
354,5,USERH,2025-05-05,77.54,Member Exclusive,4000.0,2025-04-01,2025-05-30,North
355,5,USEREC,2025-05-26,116.66,Member Exclusive,4000.0,2025-04-01,2025-05-30,West
356,5,USERUZ,2025-05-01,166.44,Member Exclusive,4000.0,2025-04-01,2025-05-30,West
357,1,USERYH,2025-05-31,117.54689999999991,Summer Sale,5000.0,2025-04-15,2025-05-10,South
358,4,USERO,2025-05-08,122.34,Flash Deal,2000.0,2025-05-20,2025-05-25,South
359,1,USERSJ,2025-05-17,86.55,Summer Sale,5000.0,2025-04-15,2025-05-10,East
360,4,USERL,2025-05-12,206.75,Flash Deal,2000.0,2025-05-20,2025-05-25,South
361,1,USERN,2025-05-07,239.26,Summer Sale,5000.0,2025-04-15,2025-05-10,West
362,4,USERE,2025-05-11,134.17,Flash Deal,2000.0,2025-05-20,2025-05-25,East
363,1,USERIB,2025-05-02,220.74349999999984,Summer Sale,5000.0,2025-04-15,2025-05-10,East
364,5,USERLE,2025-05-04,247.48,Member Exclusive,4000.0,2025-04-01,2025-05-30,West
365,2,USERJ,2025-05-15,299.12,New User Promo,3000.0,2025-05-01,2025-05-31,West
366,1,USERUQ,2025-05-11,297.66,Summer Sale,5000.0,2025-04-15,2025-05-10,North
367,4,USERQL,2025-05-27,58.54,Flash Deal,2000.0,2025-05-20,2025-05-25,West
368,5,USERM,2025-05-03,231.51,Member Exclusive,4000.0,2025-04-01,2025-05-30,East
369,1,USERN,2025-05-12,211.08,Summer Sale,5000.0,2025-04-15,2025-05-10,West
370,1,USERP,2025-05-04,237.95,Summer Sale,5000.0,2025-04-15,2025-05-10,North
371,5,USERIR,2025-05-03,269.16,Member Exclusive,4000.0,2025-04-01,2025-05-30,West
372,1,USERA,2025-05-16,89.95,Summer Sale,5000.0,2025-04-15,2025-05-10,South
373,2,USERN,2025-05-23,38.46,New User Promo,3000.0,2025-05-01,2025-05-31,West
374,1,USERMQ,2025-05-19,118.93040000000005,Summer Sale,5000.0,2025-04-15,2025-05-10,West
375,2,USERI,2025-05-27,54.58,New User Promo,3000.0,2025-05-01,2025-05-31,South
376,2,USERFD,2025-05-22,66.06429999999996,New User Promo,3000.0,2025-05-01,2025-05-31,East
377,5,USEROA,2025-05-01,131.36,Member Exclusive,4000.0,2025-04-01,2025-05-30,East
378,1,USERPB,2025-05-17,156.88510000000025,Summer Sale,5000.0,2025-04-15,2025-05-10,East
379,5,USERM,2025-05-01,160.19,Member Exclusive,4000.0,2025-04-01,2025-05-30,East
380,1,USERJQ,2025-05-13,146.37,Summer Sale,5000.0,2025-04-15,2025-05-10,East
381,1,USERUW,2025-05-09,280.74,Summer Sale,5000.0,2025-04-15,2025-05-10,East
382,4,USERC,2025-05-17,31.31,Flash Deal,2000.0,2025-05-20,2025-05-25,East
383,1,USERCD,2025-05-02,125.64,Summer Sale,5000.0,2025-04-15,2025-05-10,West
384,5,USERRK,2025-05-13,289.88,Member Exclusive,4000.0,2025-04-01,2025-05-30,North
385,2,USERVL,2025-05-05,42.39,New User Promo,3000.0,2025-05-01,2025-05-31,East
386,1,USERNI,2025-05-29,153.86,Summer Sale,5000.0,2025-04-15,2025-05-10,East
387,4,USERU,2025-05-19,202.97,Flash Deal,2000.0,2025-05-20,2025-05-25,South
388,5,USERIW,2025-05-29,220.51,Member Exclusive,4000.0,2025-04-01,2025-05-30,South
389,1,USERKW,2025-05-11,77.84,Summer Sale,5000.0,2025-04-15,2025-05-10,South
390,5,USERBS,2025-05-05,208.22,Member Exclusive,4000.0,2025-04-01,2025-05-30,South
391,4,USERVA,2025-05-21,182.05,Flash Deal,2000.0,2025-05-20,2025-05-25,West
392,4,USEROP,2025-05-03,191.68,Flash Deal,2000.0,2025-05-20,2025-05-25,East
393,5,USERID,2025-05-13,61.58,Member Exclusive,4000.0,2025-04-01,2025-05-30,South
394,1,USERTK,2025-05-15,252.42,Summer Sale,5000.0,2025-04-15,2025-05-10,West
395,2,USERPK,2025-05-17,192.64,New User Promo,3000.0,2025-05-01,2025-05-31,South
396,4,USERX,2025-05-09,257.69,Flash Deal,2000.0,2025-05-20,2025-05-25,East
397,1,USERZ,2025-05-19,162.54,Summer Sale,5000.0,2025-04-15,2025-05-10,West
398,1,USEROH,2025-05-18,179.78,Summer Sale,5000.0,2025-04-15,2025-05-10,North
399,2,USERDV,2025-05-01,227.29,New User Promo,3000.0,2025-05-01,2025-05-31,West
400,4,USERLN,2025-05-03,121.48,Flash Deal,2000.0,2025-05-20,2025-05-25,South
401,4,USERHH,2025-05-29,276.4,Flash Deal,2000.0,2025-05-20,2025-05-25,East
402,1,USERY,2025-05-26,149.17,Summer Sale,5000.0,2025-04-15,2025-05-10,North
403,1,USERAW,2025-05-08,142.09,Summer Sale,5000.0,2025-04-15,2025-05-10,West
404,2,USERH,2025-05-25,283.38,New User Promo,3000.0,2025-05-01,2025-05-31,North
405,2,USERBW,2025-05-11,151.96,New User Promo,3000.0,2025-05-01,2025-05-31,East
406,4,USERDA,2025-05-06,173.71,Flash Deal,2000.0,2025-05-20,2025-05-25,East
407,5,USERQ,2025-05-20,189.23,Member Exclusive,4000.0,2025-04-01,2025-05-30,South
408,4,USERYO,2025-05-05,276.26,Flash Deal,2000.0,2025-05-20,2025-05-25,East
409,1,USERAO,2025-05-18,67.11,Summer Sale,5000.0,2025-04-15,2025-05-10,East
410,4,USERDH,2025-05-29,34.91,Flash Deal,2000.0,2025-05-20,2025-05-25,West
411,5,USERCA,2025-05-21,38.36,Member Exclusive,4000.0,2025-04-01,2025-05-30,South
412,2,USERFY,2025-05-31,167.86,New User Promo,3000.0,2025-05-01,2025-05-31,East
413,5,USEROC,2025-05-16,251.58,Member Exclusive,4000.0,2025-04-01,2025-05-30,South
414,5,USERA,2025-05-15,111.67,Member Exclusive,4000.0,2025-04-01,2025-05-30,South
415,5,USERQ,2025-05-19,272.2,Member Exclusive,4000.0,2025-04-01,2025-05-30,South
416,2,USERWK,2025-05-04,44.92,New User Promo,3000.0,2025-05-01,2025-05-31,West
417,5,USERL,2025-05-15,279.65,Member Exclusive,4000.0,2025-04-01,2025-05-30,South
418,5,USERQK,2025-05-20,243.46420000000032,Member Exclusive,4000.0,2025-04-01,2025-05-30,West
419,5,USERC,2025-05-26,151.56,Member Exclusive,4000.0,2025-04-01,2025-05-30,East
420,1,USERHH,2025-05-20,130.85,Summer Sale,5000.0,2025-04-15,2025-05-10,East
421,5,USERY,2025-05-20,242.81,Member Exclusive,4000.0,2025-04-01,2025-05-30,North
422,2,USERM,2025-05-25,49.59,New User Promo,3000.0,2025-05-01,2025-05-31,East
423,5,USERZ,2025-05-27,155.1425000000002,Member Exclusive,4000.0,2025-04-01,2025-05-30,West
424,5,USERFP,2025-05-25,136.45,Member Exclusive,4000.0,2025-04-01,2025-05-30,West
425,2,USERI,2025-05-19,193.72,New User Promo,3000.0,2025-05-01,2025-05-31,South
426,5,USERIO,2025-05-26,77.04,Member Exclusive,4000.0,2025-04-01,2025-05-30,West
427,2,USERK,2025-05-03,299.51,New User Promo,3000.0,2025-05-01,2025-05-31,West
428,5,USERUF,2025-05-04,284.94,Member Exclusive,4000.0,2025-04-01,2025-05-30,South
429,2,USERT,2025-05-01,34.83,New User Promo,3000.0,2025-05-01,2025-05-31,East
430,5,USERB,2025-05-01,115.83,Member Exclusive,4000.0,2025-04-01,2025-05-30,North
431,5,USERVW,2025-05-03,106.16,Member Exclusive,4000.0,2025-04-01,2025-05-30,South
432,1,USERYW,2025-05-10,34.21,Summer Sale,5000.0,2025-04-15,2025-05-10,West
433,1,USERSF,2025-05-03,82.2,Summer Sale,5000.0,2025-04-15,2025-05-10,East
434,5,USERUF,2025-05-27,289.87,Member Exclusive,4000.0,2025-04-01,2025-05-30,South
435,5,USERC,2025-05-23,209.75,Member Exclusive,4000.0,2025-04-01,2025-05-30,East
436,4,USERL,2025-05-10,180.6,Flash Deal,2000.0,2025-05-20,2025-05-25,South
437,2,USERG,2025-05-07,235.59,New User Promo,3000.0,2025-05-01,2025-05-31,South
438,4,USERY,2025-05-29,189.44,Flash Deal,2000.0,2025-05-20,2025-05-25,North
439,1,USERD,2025-05-16,161.02,Summer Sale,5000.0,2025-04-15,2025-05-10,South
440,1,USERLD,2025-05-17,121.57,Summer Sale,5000.0,2025-04-15,2025-05-10,East
441,1,USERQE,2025-05-06,115.25,Summer Sale,5000.0,2025-04-15,2025-05-10,South
442,1,USERMG,2025-05-06,232.26,Summer Sale,5000.0,2025-04-15,2025-05-10,East
443,5,USERD,2025-05-16,207.27,Member Exclusive,4000.0,2025-04-01,2025-05-30,South
444,1,USERC,2025-05-27,220.96,Summer Sale,5000.0,2025-04-15,2025-05-10,East
445,5,USERR,2025-05-10,97.46,Member Exclusive,4000.0,2025-04-01,2025-05-30,East
446,5,USERDH,2025-05-19,185.55,Member Exclusive,4000.0,2025-04-01,2025-05-30,West
447,1,USERJ,2025-05-18,86.63,Summer Sale,5000.0,2025-04-15,2025-05-10,West
448,1,USERJS,2025-05-29,165.14,Summer Sale,5000.0,2025-04-15,2025-05-10,West
449,2,USERR,2025-05-28,240.88,New User Promo,3000.0,2025-05-01,2025-05-31,East
450,4,USERVG,2025-05-06,68.1,Flash Deal,2000.0,2025-05-20,2025-05-25,East
451,1,USERK,2025-05-22,118.97,Summer Sale,5000.0,2025-04-15,2025-05-10,West
452,2,USERF,2025-05-21,273.13,New User Promo,3000.0,2025-05-01,2025-05-31,North
453,2,USERO,2025-05-30,77.7,New User Promo,3000.0,2025-05-01,2025-05-31,South
454,4,USERAW,2025-05-17,181.25,Flash Deal,2000.0,2025-05-20,2025-05-25,West
455,5,USERBN,2025-05-14,199.86,Member Exclusive,4000.0,2025-04-01,2025-05-30,West
456,1,USERVH,2025-05-06,131.07570000000015,Summer Sale,5000.0,2025-04-15,2025-05-10,North
457,4,USERDB,2025-05-01,140.37,Flash Deal,2000.0,2025-05-20,2025-05-25,West
458,1,USERH,2025-05-09,113.35,Summer Sale,5000.0,2025-04-15,2025-05-10,North
459,2,USERW,2025-05-24,192.75,New User Promo,3000.0,2025-05-01,2025-05-31,South
460,2,USERN,2025-05-31,217.87,New User Promo,3000.0,2025-05-01,2025-05-31,West
461,5,USERR,2025-05-15,223.61,Member Exclusive,4000.0,2025-04-01,2025-05-30,East
462,2,USERUJ,2025-05-16,244.15,New User Promo,3000.0,2025-05-01,2025-05-31,North
463,2,USERG,2025-05-05,192.05,New User Promo,3000.0,2025-05-01,2025-05-31,South
464,4,USERS,2025-05-30,196.14,Flash Deal,2000.0,2025-05-20,2025-05-25,East
465,1,USERH,2025-05-11,217.4669,Summer Sale,5000.0,2025-04-15,2025-05-10,North
466,1,USERJ,2025-05-28,256.12,Summer Sale,5000.0,2025-04-15,2025-05-10,West
467,4,USERFD,2025-05-15,263.01,Flash Deal,2000.0,2025-05-20,2025-05-25,East
468,5,USERN,2025-05-12,93.13,Member Exclusive,4000.0,2025-04-01,2025-05-30,West
469,1,USERF,2025-05-08,137.86,Summer Sale,5000.0,2025-04-15,2025-05-10,North
470,2,USERK,2025-05-03,94.59,New User Promo,3000.0,2025-05-01,2025-05-31,West
471,1,USERHA,2025-05-25,272.31,Summer Sale,5000.0,2025-04-15,2025-05-10,West
472,2,USERJ,2025-05-03,36.41,New User Promo,3000.0,2025-05-01,2025-05-31,West
473,5,USERE,2025-05-22,99.50039999999997,Member Exclusive,4000.0,2025-04-01,2025-05-30,East
474,4,USERCH,2025-05-30,154.2,Flash Deal,2000.0,2025-05-20,2025-05-25,West
475,1,USERZI,2025-05-09,119.36,Summer Sale,5000.0,2025-04-15,2025-05-10,South
476,4,USERBM,2025-05-26,60.57,Flash Deal,2000.0,2025-05-20,2025-05-25,South
477,1,USERZO,2025-05-29,276.04,Summer Sale,5000.0,2025-04-15,2025-05-10,North
478,2,USERN,2025-05-07,120.35,New User Promo,3000.0,2025-05-01,2025-05-31,West
479,4,USERUV,2025-05-11,79.39,Flash Deal,2000.0,2025-05-20,2025-05-25,South
480,1,USERFH,2025-05-12,180.76,Summer Sale,5000.0,2025-04-15,2025-05-10,East
481,2,USEREV,2025-05-15,277.98,New User Promo,3000.0,2025-05-01,2025-05-31,East
482,4,USERCY,2025-05-10,272.06,Flash Deal,2000.0,2025-05-20,2025-05-25,North
483,4,USERI,2025-05-23,287.21,Flash Deal,2000.0,2025-05-20,2025-05-25,South
484,1,USERUI,2025-05-16,61.22,Summer Sale,5000.0,2025-04-15,2025-05-10,North
485,1,USERNT,2025-05-12,292.54,Summer Sale,5000.0,2025-04-15,2025-05-10,East
486,1,USERDQ,2025-05-02,70.96,Summer Sale,5000.0,2025-04-15,2025-05-10,West
487,2,USERA,2025-05-05,128.99,New User Promo,3000.0,2025-05-01,2025-05-31,South
488,1,USERUD,2025-05-12,98.97269999999995,Summer Sale,5000.0,2025-04-15,2025-05-10,East
489,4,USERW,2025-05-09,199.3,Flash Deal,2000.0,2025-05-20,2025-05-25,South
490,4,USERY,2025-05-24,229.02,Flash Deal,2000.0,2025-05-20,2025-05-25,North
491,1,USEREQ,2025-05-16,33.87,Summer Sale,5000.0,2025-04-15,2025-05-10,West
492,1,USERUJ,2025-05-02,87.72179999999994,Summer Sale,5000.0,2025-04-15,2025-05-10,North
493,5,USERER,2025-05-09,267.85,Member Exclusive,4000.0,2025-04-01,2025-05-30,South
494,4,USERQ,2025-05-21,185.22,Flash Deal,2000.0,2025-05-20,2025-05-25,South
495,2,USERV,2025-05-08,134.41,New User Promo,3000.0,2025-05-01,2025-05-31,South
496,5,USERAA,2025-05-17,267.74,Member Exclusive,4000.0,2025-04-01,2025-05-30,East
497,1,USERDC,2025-05-01,244.44,Summer Sale,5000.0,2025-04-15,2025-05-10,West
498,1,USERNL,2025-05-23,179.81,Summer Sale,5000.0,2025-04-15,2025-05-10,East
499,4,USEREY,2025-05-21,119.01,Flash Deal,2000.0,2025-05-20,2025-05-25,South
500,1,USERWQ,2025-05-18,183.9,Summer Sale,5000.0,2025-04-15,2025-05-10,South
501,2,USERA,2025-05-12,49.99,New User Promo,3000.0,2025-05-01,2025-05-31,South
502,1,USERB,2025-05-05,120.5,Summer Sale,5000.0,2025-04-15,2025-05-10,North
503,2,USERC,2025-05-18,199.0946000000002,New User Promo,3000.0,2025-05-01,2025-05-31,East
504,4,USERD,2025-05-22,80.0,Flash Deal,2000.0,2025-05-20,2025-05-25,South
505,5,USERE,2025-05-28,199.99,Member Exclusive,4000.0,2025-04-01,2025-05-30,East
506,2,USERF,2025-05-19,75.0,New User Promo,3000.0,2025-05-01,2025-05-31,North
507,1,USERG,2025-05-07,200.0,Summer Sale,5000.0,2025-04-15,2025-05-10,South
508,5,USERH,2025-05-29,150.0,Member Exclusive,4000.0,2025-04-01,2025-05-30,North
509,4,USERI,2025-05-23,45.5,Flash Deal,2000.0,2025-05-20,2025-05-25,South
510,2,USERJ,2025-05-15,99.99,New User Promo,3000.0,2025-05-01,2025-05-31,West
511,5,USERK,2025-05-30,250.0,Member Exclusive,4000.0,2025-04-01,2025-05-30,West
512,4,USERL,2025-05-24,30.0,Flash Deal,2000.0,2025-05-20,2025-05-25,South
513,2,USERM,2025-05-20,120.0,New User Promo,3000.0,2025-05-01,2025-05-31,East
514,1,USERN,2025-05-09,180.0,Summer Sale,5000.0,2025-04-15,2025-05-10,West
515,5,USERO,2025-05-29,100.0,Member Exclusive,4000.0,2025-04-01,2025-05-30,South
516,2,USERP,2025-05-18,65.0,New User Promo,3000.0,2025-05-01,2025-05-31,North
517,4,USERQ,2025-05-25,110.0,Flash Deal,2000.0,2025-05-20,2025-05-25,South
518,5,USERR,2025-05-31,300.0,Member Exclusive,4000.0,2025-04-01,2025-05-30,East
519,2,USERS,2025-05-22,40.0,New User Promo,3000.0,2025-05-01,2025-05-31,East
520,1,USERT,2025-05-06,90.0,Summer Sale,5000.0,2025-04-15,2025-05-10,East
521,5,USERU,2025-05-28,130.0,Member Exclusive,4000.0,2025-04-01,2025-05-30,South
522,2,USERV,2025-05-14,85.0,New User Promo,3000.0,2025-05-01,2025-05-31,South
523,4,USERW,2025-05-21,70.0,Flash Deal,2000.0,2025-05-20,2025-05-25,South
524,2,USERX,2025-05-17,55.0,New User Promo,3000.0,2025-05-01,2025-05-31,East
525,5,USERY,2025-05-27,210.0,Member Exclusive,4000.0,2025-04-01,2025-05-30,North
526,1,USERZ,2025-05-08,140.0,Summer Sale,5000.0,2025-04-15,2025-05-10,West
527,2,USERAA,2025-05-16,95.0,New User Promo,3000.0,2025-05-01,2025-05-31,East
528,5,USERAB,2025-05-26,160.0,Member Exclusive,4000.0,2025-04-01,2025-05-30,East
529,4,USERAC,2025-05-24,50.0,Flash Deal,2000.0,2025-05-20,2025-05-25,East
530,2,USERAD,2025-05-19,110.0,New User Promo,3000.0,2025-05-01,2025-05-31,South
